<?xml version="1.0" encoding="UTF-8" standalone="no"?><!--
	Licensed Materials - Property of IBM
	5725-I43 (C) Copyright IBM Corp. 2011, 2013. All Rights Reserved.
	US Government Users Restricted Rights - Use, duplication or
	disclosure restricted by GSA ADP Schedule Contract with IBM Corp.
--><mfp:adapter xmlns:mfp="http://www.ibm.com/mfp/integration" xmlns:http="http://www.ibm.com/mfp/integration/http" xmlns:xsi="http://www.w3.org/2001/XMLSchema-instance" name="testSend">

	<displayName>testSend</displayName>
	<description>testSend</description>

	<JAXRSApplicationClass>com.ibm.TestSendApplication</JAXRSApplicationClass>
    <securityCheckDefinition class="com.sample.adapterOne.UsernamePasswordSecurityCheck" name="usernamePassword">
        <property defaultValue="600" name="inactivityTimeoutSec"/>
        <property defaultValue="3600" name="successExpirationSec"/>
        <property defaultValue="1" name="failureExpirationSec"/>
        <property defaultValue="120" name="attemptIntervalSec"/>
        <property defaultValue="1" name="maxAttempts"/>
    </securityCheckDefinition>
</mfp:adapter>